time,batch dimension,prediction
1734683457.91694,10,False
1734683470.5730016,10,False
1734683487.0366492,10,True
