time,batch dimension,prediction
1734682961.564517,10,False
1734682965.5084748,10,False
1734683026.7168472,10,False
1734683079.3393638,10,True
1734683088.0600164,10,True
1734683088.0682583,10,True
